time_days,at_risk,events,survival,ci_low,ci_high
0,47,1,0.9787234042553191,0.9374673014800854,1.0
1,45,0,0.9787234042553191,0.9374673014800854,1.0
3,44,0,0.9787234042553191,0.9374673014800854,1.0
5,43,0,0.9787234042553191,0.9374673014800854,1.0
6,42,0,0.9787234042553191,0.9374673014800854,1.0
10,41,1,0.9548521017125065,0.8935679093432478,1.0
30,40,0,0.9548521017125065,0.8935679093432478,1.0
31,39,1,0.9303687144891089,0.8541495101448036,1.0
51,38,1,0.9058853272657112,0.8178522170039473,0.9939184375274752
53,37,0,0.9058853272657112,0.8178522170039473,0.9939184375274752
63,36,0,0.9058853272657112,0.8178522170039473,0.9939184375274752
130,35,1,0.8800028893438337,0.7809409421686364,0.9790648365190311
136,34,0,0.8800028893438337,0.7809409421686364,0.9790648365190311
151,33,0,0.8800028893438337,0.7809409421686364,0.9790648365190311
156,32,0,0.8800028893438337,0.7809409421686364,0.9790648365190311
181,31,0,0.8800028893438337,0.7809409421686364,0.9790648365190311
184,30,0,0.8800028893438337,0.7809409421686364,0.9790648365190311
190,29,0,0.8800028893438337,0.7809409421686364,0.9790648365190311
192,28,0,0.8800028893438337,0.7809409421686364,0.9790648365190311
196,27,1,0.8474101897385066,0.7332631401347312,0.961557239342282
217,26,0,0.8474101897385066,0.7332631401347312,0.961557239342282
249,25,0,0.8474101897385066,0.7332631401347312,0.961557239342282
397,24,0,0.8474101897385066,0.7332631401347312,0.961557239342282
413,23,0,0.8474101897385066,0.7332631401347312,0.961557239342282
557,22,0,0.8474101897385066,0.7332631401347312,0.961557239342282
628,21,0,0.8474101897385066,0.7332631401347312,0.961557239342282
636,20,0,0.8474101897385066,0.7332631401347312,0.961557239342282
732,19,0,0.8474101897385066,0.7332631401347312,0.961557239342282
803,18,0,0.8474101897385066,0.7332631401347312,0.961557239342282
842,17,0,0.8474101897385066,0.7332631401347312,0.961557239342282
859,16,0,0.8474101897385066,0.7332631401347312,0.961557239342282
926,15,0,0.8474101897385066,0.7332631401347312,0.961557239342282
1098,14,0,0.8474101897385066,0.7332631401347312,0.961557239342282
1105,13,0,0.8474101897385066,0.7332631401347312,0.961557239342282
1243,12,0,0.8474101897385066,0.7332631401347312,0.961557239342282
1344,11,0,0.8474101897385066,0.7332631401347312,0.961557239342282
1349,10,0,0.8474101897385066,0.7332631401347312,0.961557239342282
1449,9,0,0.8474101897385066,0.7332631401347312,0.961557239342282
1639,8,0,0.8474101897385066,0.7332631401347312,0.961557239342282
1705,7,1,0.7263515912044343,0.4858743144764448,0.9668288679324237
1798,6,0,0.7263515912044343,0.4858743144764448,0.9668288679324237
2029,5,0,0.7263515912044343,0.4858743144764448,0.9668288679324237
2122,4,0,0.7263515912044343,0.4858743144764448,0.9668288679324237
2203,3,0,0.7263515912044343,0.4858743144764448,0.9668288679324237
2743,2,0,0.7263515912044343,0.4858743144764448,0.9668288679324237
3805,1,0,0.7263515912044343,0.4858743144764448,0.9668288679324237
