case_id,full_name,claim_type,artifact_or_path,snippet,first_drift_date,first_fix_date,fix_mode,duration_days,event_fixed,left_truncated,window_start,window_end,n_commits_checked,status_km,k,status,label_v4
P001,Aherontas/Pycon_Greece_2025_Presentation_Agents,artifact_ref,app/agents/new_agent_service.py,app/agents/new_agent_service.py,2025-09-18 11:52:01+00:00,,,3.0,0.0,0.0,2025-09-04 15:43:05+00:00,2025-09-22 08:37:29+00:00,15,ok,Aherontas/Pycon_Greece_2025_Presentation_Agents|artifact_ref|app/agents/new_agent_service.py,kept,drifted_high
P002,AiuniAI/Unique3D,artifact_ref,v1-inference.yaml,v1-inference.yaml,2024-05-30 20:53:00+00:00,,,413.0,0.0,0.0,2024-05-30 18:37:52+00:00,2025-07-17 21:29:04+00:00,61,ok,AiuniAI/Unique3D|artifact_ref|v1-inference.yaml,kept,drifted_high
P005,ColinDuquesnoy/QDarkStyleSheet,artifact_ref,Qt.py,"If you are using Qt.py, which is different from qtpy, you should install",2020-03-18 20:17:37+00:00,,,1349.0,0.0,1.0,2020-03-18 20:17:37+00:00,2023-11-28 19:48:19+00:00,300,ok,ColinDuquesnoy/QDarkStyleSheet|artifact_ref|qt.py,kept,drifted_high
P006,DC-analysis/dclab,artifact_ref,_version.py,flake8 --exclude _version.py dclab,2024-07-10 13:12:20+00:00,,,803.0,0.0,1.0,2024-07-10 13:12:20+00:00,2026-09-22 07:29:51+00:00,300,ok,DC-analysis/dclab|artifact_ref|_version.py,kept,drifted_high
P008,IBM/jsonsubschema,artifact_ref,s1.json,s1.json,2021-07-09 14:09:48+00:00,,,1798.0,0.0,0.0,2019-05-25 21:44:47+00:00,2026-06-12 13:48:17+00:00,248,ok,IBM/jsonsubschema|artifact_ref|s1.json,kept,drifted_high
P009,JelleZijlstra/autotyping,artifact_ref,failures.json,`pyanalyze --json-output failures.json -e suggested_return_type -e suggested_parameter_type -v .`,2024-03-11 14:25:23+00:00,,,557.0,0.0,0.0,2021-06-24 22:43:43+00:00,2025-09-19 14:27:24+00:00,62,ok,JelleZijlstra/autotyping|artifact_ref|failures.json,kept,drifted_high
P011,Kludex/starlette,artifact_ref,example.py,example.py,2024-12-30 07:48:16+00:00,,,628.0,0.0,1.0,2024-12-30 07:48:16+00:00,2026-09-20 06:46:57+00:00,300,ok,Kludex/starlette|artifact_ref|example.py,kept,drifted_high
P013,NaturalHistoryMuseum/ckanext-doi,artifact_ref,Dockerfile,There is a Docker compose configuration available in this repository to make it easier to run tests. The ckan image uses the Dockerfile in the `docker/` folder.,2023-09-20 15:37:42+00:00,,,732.0,0.0,0.0,2015-03-25 11:05:26+00:00,2025-09-22 14:05:11+00:00,300,ok,NaturalHistoryMuseum/ckanext-doi|artifact_ref|dockerfile,kept,drifted_high
P015,On-JungWoan/BIGS,run_shell_script,scripts/demo.sh,bash scripts/demo.sh,2025-09-22 05:54:54+00:00,,,249.0,0.0,0.0,2025-02-26 21:08:56+00:00,2026-05-30 04:40:31+00:00,12,ok,On-JungWoan/BIGS|run_shell_script|scripts/demo.sh,kept,drifted_high
P019,QData/TextAttack,artifact_ref,config.yaml,config.yaml,2022-08-26 18:26:15+00:00,,,1449.0,0.0,1.0,2022-08-26 18:26:15+00:00,2026-08-15 12:32:20+00:00,300,ok,QData/TextAttack|artifact_ref|config.yaml,kept,drifted_high
P020,QueraTeam/django-qsessions,python_script,manage.py,python manage.py migrate qsessions,2017-12-25 13:03:04+00:00,2018-01-25 14:14:39+00:00,supported,31.0,1.0,0.0,2017-12-25 12:01:16+00:00,2026-05-22 13:20:14+00:00,178,ok,QueraTeam/django-qsessions|python_script|manage.py,kept,drifted_high
P021,Quivnex/blankly-finance,artifact_ref,blankly.json,blankly.json,2026-08-23 04:21:18+00:00,,,30.0,0.0,1.0,2026-08-23 04:21:18+00:00,2026-09-22 12:44:09+00:00,300,ok,Quivnex/blankly-finance|artifact_ref|blankly.json,kept,drifted_high
P025,StdioA/beancount-bot,artifact_ref,config.yaml,config.yaml,2024-08-12 09:19:49+00:00,,,636.0,0.0,1.0,2024-08-12 09:19:49+00:00,2026-05-10 16:06:44+00:00,96,ok,StdioA/beancount-bot|artifact_ref|config.yaml,kept,drifted_high
P029,aiming-lab/AutoResearchClaw,artifact_ref,config.yaml,config.yaml,2026-03-15 04:28:37+00:00,,,156.0,0.0,1.0,2026-03-15 04:28:37+00:00,2026-08-19 03:24:41+00:00,300,ok,aiming-lab/AutoResearchClaw|artifact_ref|config.yaml,kept,drifted_high
P031,arabcoders/ytptube,artifact_ref,compose.yaml,compose.yaml,2026-02-14 15:49:52+00:00,2026-08-29 18:53:49+00:00,supported,196.0,1.0,1.0,2026-02-14 15:49:52+00:00,2026-09-22 08:12:51+00:00,300,ok,arabcoders/ytptube|artifact_ref|compose.yaml,kept,drifted_high
P035,buddy-compiler/buddy-mlir,local_link_ref,/docs/ManylinuxReleaseNotes.md,See [Manylinux release notes](./docs/ManylinuxReleaseNotes.md) for current,2026-03-09 04:38:03+00:00,,,192.0,0.0,0.0,2025-12-23 06:23:56+00:00,2026-09-17 11:33:24+00:00,300,ok,buddy-compiler/buddy-mlir|local_link_ref|/docs/manylinuxreleasenotes.md,kept,drifted_high
P038,chroma-core/chroma-mcp,artifact_ref,claude_desktop_config.json,claude_desktop_config.json,2025-02-12 04:36:45+00:00,,,217.0,0.0,0.0,2025-02-11 00:23:23+00:00,2025-09-17 20:20:13+00:00,57,ok,chroma-core/chroma-mcp|artifact_ref|claude_desktop_config.json,kept,drifted_high
P039,conda-forge/staged-recipes,python_script,setup.py,python setup.py,2026-09-16 02:47:06+00:00,,,6.0,0.0,1.0,2026-09-16 02:47:06+00:00,2026-09-22 12:55:58+00:00,300,ok,conda-forge/staged-recipes|python_script|setup.py,kept,drifted_high
P040,csparpa/pyowm,pip_requirements,requirements.txt,pip install -r requirements.txt,2025-08-27 02:20:24+00:00,,,0.0,0.0,0.0,2019-06-20 12:27:03+00:00,2025-08-27 06:57:10+00:00,300,ok,csparpa/pyowm|pip_requirements|requirements.txt,kept,drifted_high
P041,daltonmaag/vttLib,artifact_ref,setup.py,2. `python3 setup.py bdist_wheel`,2022-10-25 09:32:28+00:00,,,1344.0,0.0,0.0,2016-07-04 15:54:55+00:00,2026-06-30 15:23:54+00:00,169,ok,daltonmaag/vttLib|artifact_ref|setup.py,kept,drifted_high
P044,diafygi/acme-tiny,artifact_ref,renew_cert.sh,renew_cert.sh,2015-11-26 06:48:17+00:00,,,3805.0,0.0,0.0,2015-11-26 05:44:00+00:00,2026-04-27 12:46:38+00:00,203,ok,diafygi/acme-tiny|artifact_ref|renew_cert.sh,kept,drifted_high
P048,djsudduth/keep-it-markdown,artifact_ref,settings.cfg,At first launch KIM will create a **settings.cfg** file in the directory where you chose to install KIM. You can modify these settings with a text editor:,2020-10-30 17:15:19+00:00,,,2122.0,0.0,0.0,2020-10-22 02:07:31+00:00,2026-08-23 16:45:44+00:00,280,ok,djsudduth/keep-it-markdown|artifact_ref|settings.cfg,kept,drifted_high
P049,dlt-hub/dlt,artifact_ref,response.json,response.json,2026-03-13 06:59:52+00:00,2026-07-21 23:57:57+00:00,no_claim,130.0,1.0,1.0,2026-03-13 06:59:52+00:00,2026-09-21 16:22:42+00:00,300,ok,dlt-hub/dlt|artifact_ref|response.json,kept,drifted_high
P050,egbertbouman/youtube-comment-downloader,artifact_ref,ScMzIvxBSi4.json,ScMzIvxBSi4.json,2020-07-16 18:15:55+00:00,,,2203.0,0.0,0.0,2015-08-31 18:53:08+00:00,2026-07-29 17:31:58+00:00,83,ok,egbertbouman/youtube-comment-downloader|artifact_ref|scmzivxbsi4.json,kept,drifted_high
P053,fhamborg/news-please,artifact_ref,article.json,article.json,2023-04-05 10:46:50+00:00,,,1105.0,0.0,0.0,2019-11-14 14:00:54+00:00,2026-04-14 21:17:41+00:00,300,ok,fhamborg/news-please|artifact_ref|article.json,kept,drifted_high
P054,furthemore/APIS,artifact_ref,docker-compose.yml,# Download docker-compose.yml and example.env files from this repo,2024-05-31 16:16:15+00:00,,,842.0,0.0,0.0,2022-11-03 09:54:11+00:00,2026-09-21 01:20:03+00:00,300,ok,furthemore/APIS|artifact_ref|docker-compose.yml,kept,drifted_high
P055,huggingface/upskill,artifact_ref,batch_summary.json,batch_summary.json,2026-01-21 15:59:09+00:00,2026-01-22 13:11:29+00:00,supported,0.0,1.0,0.0,2026-01-21 11:31:57+00:00,2026-09-18 14:05:27+00:00,86,ok,huggingface/upskill|artifact_ref|batch_summary.json,kept,drifted_high
P061,iszhanjiawei/indexTTS2,artifact_ref,config.yaml,config.yaml,2025-09-06 08:32:31+00:00,,,5.0,0.0,1.0,2025-09-06 08:32:31+00:00,2025-09-12 06:33:50+00:00,2,ok,iszhanjiawei/indexTTS2|artifact_ref|config.yaml,kept,drifted_high
P062,jacob-bd/notebooklm-mcp-cli,cd_dir,notebooklm-mcp,cd notebooklm-mcp,2026-04-21 17:25:41+00:00,,,151.0,0.0,1.0,2026-04-21 17:25:41+00:00,2026-09-20 15:21:13+00:00,300,ok,jacob-bd/notebooklm-mcp-cli|cd_dir|notebooklm-mcp,kept,drifted_high
P063,jmcentire/pact,artifact_ref,access_graph.json,"6. **Arbiter** -- Generate access_graph.json, register with Arbiter for blast radius analysis. HUMAN_GATE pauses pipeline.",2026-03-15 23:36:00+00:00,,,181.0,0.0,0.0,2026-02-14 07:15:13+00:00,2026-09-13 15:14:04+00:00,161,ok,jmcentire/pact|artifact_ref|access_graph.json,kept,drifted_high
P064,kang-wu/SkySensePlusPlus,artifact_ref,deforestation_atlantic_val.json,deforestation_atlantic_val.json,2025-09-16 08:23:40+00:00,,,1.0,0.0,0.0,2024-11-04 14:18:06+00:00,2025-09-18 08:11:15+00:00,24,ok,kang-wu/SkySensePlusPlus|artifact_ref|deforestation_atlantic_val.json,kept,drifted_high
P066,lae/ansible-role-proxmox,artifact_ref,install_proxmox.yml,install_proxmox.yml,2020-12-21 16:39:51+00:00,,,2029.0,0.0,1.0,2020-12-21 16:39:51+00:00,2026-07-13 06:08:07+00:00,300,ok,lae/ansible-role-proxmox|artifact_ref|install_proxmox.yml,kept,drifted_high
P068,lightning-rod-labs/sculpt,artifact_ref,pipeline_config.yaml,pipeline_config.yaml,2025-01-12 19:21:34+00:00,,,184.0,0.0,0.0,2025-01-11 22:42:53+00:00,2025-07-16 15:01:15+00:00,42,ok,lightning-rod-labs/sculpt|artifact_ref|pipeline_config.yaml,kept,drifted_high
P069,lorien/grab,artifact_ref,g.go,g.go,2022-12-11 01:40:37+00:00,2022-12-21 23:17:50+00:00,no_claim,10.0,1.0,1.0,2022-12-11 01:40:37+00:00,2025-09-19 10:51:14+00:00,300,ok,lorien/grab|artifact_ref|g.go,kept,drifted_high
P071,markdrago/pgsanity,make_target,install,make install clean,2018-03-18 14:07:46+00:00,,,2743.0,0.0,0.0,2012-10-29 15:40:09+00:00,2025-09-20 21:29:07+00:00,70,ok,markdrago/pgsanity|make_target|install,kept,drifted_high
P073,mees/calvin,cd_dir,task_D_D,cd task_D_D,2023-02-24 09:41:28+00:00,,,926.0,0.0,0.0,2021-07-20 15:43:27+00:00,2025-09-08 08:51:51+00:00,273,ok,mees/calvin|cd_dir|task_d_d,kept,drifted_high
P075,microsoft/apm,artifact_ref,Cargo.toml,"Think `package.json`, `requirements.txt`, or `Cargo.toml` — but for AI agent configuration.",2026-07-31 13:58:28+00:00,,,53.0,0.0,1.0,2026-07-31 13:58:28+00:00,2026-09-22 14:37:30+00:00,300,ok,microsoft/apm|artifact_ref|cargo.toml,kept,drifted_high
P077,nschloe/tuna,make_target,dep,make dep,2021-08-10 09:48:24+00:00,2026-04-11 13:27:09+00:00,no_claim,1705.0,1.0,0.0,2020-02-04 15:18:55+00:00,2026-06-16 19:09:28+00:00,300,ok,nschloe/tuna|make_target|dep,kept,drifted_high
P078,nutti/Screencast-Keys,local_link_ref,docs/installation.md#support-version,[the add-on version](docs/installation.md#support-version) supports on the your,2023-05-21 11:55:27+00:00,,,1098.0,0.0,0.0,2018-10-06 23:34:58+00:00,2026-05-23 13:17:54+00:00,191,ok,nutti/Screencast-Keys|local_link_ref|docs/installation.md#support-version,kept,drifted_high
P079,ollo69/ha-smartthinq-sensors,artifact_ref,/config/www/laundry.js,/config/www/laundry.js,2022-12-29 15:29:58+00:00,,,1243.0,0.0,1.0,2022-12-29 15:29:58+00:00,2026-05-25 21:51:55+00:00,300,ok,ollo69/ha-smartthinq-sensors|artifact_ref|/config/www/laundry.js,kept,drifted_high
P082,pex-tool/pex,artifact_ref,webserver.py,Run webserver.py in an environment containing ``flask`` as a quick way to experiment:,2025-08-16 23:49:28+00:00,,,397.0,0.0,1.0,2025-08-16 23:49:28+00:00,2026-09-18 16:24:46+00:00,300,ok,pex-tool/pex|artifact_ref|webserver.py,kept,drifted_high
P083,phoenixthrush/AniWorld-Downloader,artifact_ref,docker-compose.yml,> **Tip:** Ensure your `docker-compose.yml` correctly configures volumes and ports if you want to persist downloads or access the Web UI externally.,2026-05-30 17:27:36+00:00,2026-07-21 15:36:27+00:00,no_claim,51.0,1.0,1.0,2026-05-30 17:27:36+00:00,2026-09-21 13:28:24+00:00,300,ok,phoenixthrush/AniWorld-Downloader|artifact_ref|docker-compose.yml,kept,drifted_high
P088,qlands/FormShare,artifact_ref,development.ini,- Changing the encryption key (aes.key) in the development.ini file.,2024-05-15 00:25:48+00:00,,,859.0,0.0,1.0,2024-05-15 00:25:48+00:00,2026-09-21 16:05:11+00:00,300,ok,qlands/FormShare|artifact_ref|development.ini,kept,drifted_high
P089,sairajk/easi-tex,artifact_ref,42-ip1.0-cn1.0-dist0.8-gs10.0-p36-h20-us0.4-vt0.1/update/mesh/19.obj,42-ip1.0-cn1.0-dist0.8-gs10.0-p36-h20-us0.4-vt0.1/update/mesh/19.obj,2024-05-28 03:16:42+00:00,,,63.0,0.0,1.0,2024-05-28 03:16:42+00:00,2024-07-30 22:17:06+00:00,2,ok,sairajk/easi-tex|artifact_ref|42-ip1.0-cn1.0-dist0.8-gs10.0-p36-h20-us0.4-vt0.1/update/mesh/19.obj,kept,drifted_high
P092,thammegowda/mtdata,artifact_ref,train.stats.json,train.stats.json,2021-10-17 20:13:06+00:00,,,1639.0,0.0,0.0,2021-05-26 10:30:58+00:00,2026-04-13 21:09:40+00:00,300,ok,thammegowda/mtdata|artifact_ref|train.stats.json,kept,drifted_high
P093,themanojdesai/python-a2a,artifact_ref,research_workflow.py,research_workflow.py,2025-04-22 17:29:20+00:00,,,136.0,0.0,0.0,2025-04-09 15:31:52+00:00,2025-09-06 08:07:47+00:00,104,ok,themanojdesai/python-a2a|artifact_ref|research_workflow.py,kept,drifted_high
P094,toniantunovi/lucidshark,artifact_ref,mcp.json,.mcp.json,2026-03-09 15:19:13+00:00,,,190.0,0.0,1.0,2026-03-09 15:19:13+00:00,2026-09-16 08:52:30+00:00,300,ok,toniantunovi/lucidshark|artifact_ref|mcp.json,kept,drifted_high
