case_id,full_name,claim_type,artifact_or_path,snippet,context_type,section_class,line_no,label_v4,reason_v4,confirmed,confirmation_note
P001,Aherontas/Pycon_Greece_2025_Presentation_Agents,artifact_ref,app/agents/new_agent_service.py,app/agents/new_agent_service.py,fenced_code_artifact,development,179,drifted_high,local artifact missing: app/agents/new_agent_service.py,,
P002,AiuniAI/Unique3D,artifact_ref,v1-inference.yaml,v1-inference.yaml,fenced_code_artifact,usage,77,drifted_high,local artifact missing: v1-inference.yaml,,
P003,AllenMaxi/ContextGraph,artifact_ref,/v1/feed,/v1/feed,inline_code_artifact,usage,836,drifted_high,local artifact missing: /v1/feed,,
P004,BerriAI/litellm,artifact_ref,/audio,/audio,inline_code_artifact,usage,44,drifted_high,local artifact missing: /audio,,
P005,ColinDuquesnoy/QDarkStyleSheet,artifact_ref,Qt.py,"If you are using Qt.py, which is different from qtpy, you should install",section_line_artifact,usage,246,drifted_high,local artifact missing: qt.py,,
P006,DC-analysis/dclab,artifact_ref,_version.py,flake8 --exclude _version.py dclab,section_line_artifact,development,85,drifted_high,local artifact missing: _version.py,,
P007,HKUDS/LightRAG,artifact_ref,BAAI/bge-m3,BAAI/bge-m3,inline_code_artifact,installation,240,drifted_high,local artifact missing: baai/bge-m3,,
P008,IBM/jsonsubschema,artifact_ref,s1.json,s1.json,fenced_code_artifact,usage,59,drifted_high,local artifact missing: s1.json,,
P009,JelleZijlstra/autotyping,artifact_ref,failures.json,`pyanalyze --json-output failures.json -e suggested_return_type -e suggested_parameter_type -v .`,section_line_artifact,usage,71,drifted_high,local artifact missing: failures.json,,
P010,Josverl/micropython-stubber,cd_dir,my_stub_workspace,cd my_stub_workspace,fenced_code,installation,70,drifted_high,directory missing: my_stub_workspace,,
P011,Kludex/starlette,artifact_ref,example.py,example.py,fenced_code_artifact,usage,109,drifted_high,local artifact missing: example.py,,
P012,NVIDIA/TransformerEngine,artifact_ref,nvidia-cudnn-cu12/cu13,nvidia-cudnn-cu12/cu13,inline_code_artifact,installation,328,drifted_high,local artifact missing: nvidia-cudnn-cu12/cu13,,
P013,NaturalHistoryMuseum/ckanext-doi,artifact_ref,Dockerfile,There is a Docker compose configuration available in this repository to make it easier to run tests. The ckan image uses the Dockerfile in the `docker/` folder.,section_line_artifact,test,220,drifted_high,local artifact missing: dockerfile,,
P014,NeptuneHub/AudioMuse-AI,artifact_ref,dokcer-compose-emby.yaml,"> You also have docker-compose-navidrome.yaml, docker-compose-lyrion.yaml, dokcer-compose-emby.yaml",section_line_artifact,installation,115,drifted_high,local artifact missing: dokcer-compose-emby.yaml,,
P015,On-JungWoan/BIGS,run_shell_script,scripts/demo.sh,bash scripts/demo.sh,fenced_code,usage,57,drifted_high,script missing: scripts/demo.sh,,
P016,OpenGVLab/InternVL,artifact_ref,OpenGVLab/InternVL2_5-8B,OpenGVLab/InternVL2_5-8B,inline_code_artifact,installation,940,drifted_high,local artifact missing: opengvlab/internvl2_5-8b,,
P017,PlanExeOrg/PlanExe,artifact_ref,001-1-start_time.json,001-1-start_time.json,inline_code_artifact,usage,198,drifted_high,local artifact missing: 001-1-start_time.json,,
P018,PrimeIntellect-ai/verifiers,artifact_ref,my_env.py,my_env.py,fenced_code_artifact,installation,110,drifted_high,local artifact missing: my_env.py,,
P019,QData/TextAttack,artifact_ref,config.yaml,config.yaml,inline_code_artifact,installation,56,drifted_high,local artifact missing: config.yaml,,
P020,QueraTeam/django-qsessions,python_script,manage.py,python manage.py migrate qsessions,fenced_code,installation,114,drifted_high,script missing: manage.py,,
P021,Quivnex/blankly-finance,artifact_ref,blankly.json,blankly.json,inline_code_artifact,installation,142,drifted_high,local artifact missing: blankly.json,,
P022,SFTtech/openage,local_link_ref,/doc/building.md#dependency-installation,2. Install dependencies. See [doc/building.md](/doc/building.md#dependency-installation) to get instructions for your favorite platform.,markdown_link,installation,123,drifted_high,local artifact missing: /doc/building.md#dependency-installation,,
P023,SaiAkhil066/DeepSeek-RAG-Chatbot,artifact_ref,huihui-ai/Qwen3-1.7B-abliterated,huihui-ai/Qwen3-1.7B-abliterated,inline_code_artifact,installation,70,drifted_high,local artifact missing: huihui-ai/qwen3-1.7b-abliterated,,
P024,SakanaAI/ShinkaEvolve,artifact_ref,verbose/debug,verbose/debug,inline_code_artifact,usage,423,drifted_high,local artifact missing: verbose/debug,,
P025,StdioA/beancount-bot,artifact_ref,config.yaml,config.yaml,inline_code_artifact,run,21,drifted_high,local artifact missing: config.yaml,,
P026,SuperClaude-Org/SuperClaude_Framework,artifact_ref,/reflect,/reflect,inline_code_artifact,test,614,drifted_high,local artifact missing: /reflect,,
P027,TracecatHQ/tracecat,artifact_ref,deployments/k8s,deployments/k8s,inline_code_artifact,usage,76,drifted_high,local artifact missing: deployments/k8s,,
P028,Tuxemon/Tuxemon,make_target,BACKEND,make BACKEND=LINUX,fenced_code,other,130,drifted_medium,target 'backend' not in parsed Makefile targets,,
P029,aiming-lab/AutoResearchClaw,artifact_ref,config.yaml,config.yaml,inline_code_artifact,usage,195,drifted_high,local artifact missing: config.yaml,,
P030,alexta69/metube,artifact_ref,nginx/proxy-confs,nginx/proxy-confs,inline_code_artifact,run,184,drifted_high,local artifact missing: nginx/proxy-confs,,
P031,arabcoders/ytptube,artifact_ref,compose.yaml,compose.yaml,inline_code_artifact,usage,62,drifted_high,local artifact missing: compose.yaml,,
P032,aturret/FastFetchBot,artifact_ref,docker-compose.yml,1. Copy `docker-compose.template.yml` to `docker-compose.yml`.,section_line_artifact,deployment,72,drifted_high,local artifact missing: docker-compose.yml,,
P033,bionicles/tree_plus,make_target,library_demo,make library_demo,fenced_code,usage,944,drifted_medium,target 'library_demo' not in parsed Makefile targets,,
P034,browser-use/browser-use,artifact_ref,browser_use_default.py,browser_use_default.py,inline_code_artifact,installation,132,drifted_high,local artifact missing: browser_use_default.py,,
P035,buddy-compiler/buddy-mlir,local_link_ref,/docs/ManylinuxReleaseNotes.md,See [Manylinux release notes](./docs/ManylinuxReleaseNotes.md) for current,markdown_link,build,140,drifted_high,local artifact missing: /docs/manylinuxreleasenotes.md,,
P036,chadi0x/TheBigBrother,cd_dir,the-big-brother,cd the-big-brother,fenced_code,deployment,99,drifted_high,directory missing: the-big-brother,,
P037,chopratejas/headroom,python_script,examples/needle_in_haystack_test.py,python examples/needle_in_haystack_test.py,inline_code_command,other,170,drifted_high,script missing: examples/needle_in_haystack_test.py,,
P038,chroma-core/chroma-mcp,artifact_ref,claude_desktop_config.json,claude_desktop_config.json,inline_code_artifact,usage,81,drifted_high,local artifact missing: claude_desktop_config.json,,
P039,conda-forge/staged-recipes,python_script,setup.py,python setup.py,inline_code_command,installation,304,drifted_high,script missing: setup.py,,
P040,csparpa/pyowm,pip_requirements,requirements.txt,pip install -r requirements.txt,fenced_code,installation,103,drifted_high,requirements file missing: requirements.txt,,
P041,daltonmaag/vttLib,artifact_ref,setup.py,2. `python3 setup.py bdist_wheel`,section_line_artifact,build,29,drifted_high,local artifact missing: setup.py,,
P042,decargroup/pykoop,make_target,html,make html,section_line_command,installation,168,drifted_medium,target 'html' not in parsed Makefile targets,,
P043,devbis/ble2mqtt,artifact_ref,PWD/ble2mqtt.json,PWD/ble2mqtt.json,fenced_code_artifact,run,390,drifted_high,local artifact missing: pwd/ble2mqtt.json,,
P044,diafygi/acme-tiny,artifact_ref,renew_cert.sh,renew_cert.sh,inline_code_artifact,installation,169,drifted_high,local artifact missing: renew_cert.sh,,
P045,dickreuter/Poker,artifact_ref,test_montecarlo_numpy.py,test_montecarlo_numpy.py,inline_code_artifact,run,222,drifted_high,local artifact missing: test_montecarlo_numpy.py,,
P046,digitalfox/pydici,artifact_ref,pydici/settings.py,You will need a running mysql or mariadb with a database named pydici (see pydici/settings.py for default credential),section_line_artifact,development,36,drifted_high,local artifact missing: pydici/settings.py,,
P047,django-mptt/django-mptt,make_target,retrieval,make retrieval operations very efficient.,section_line_command,other,34,drifted_medium,target 'retrieval' not in parsed Makefile targets,,
P048,djsudduth/keep-it-markdown,artifact_ref,settings.cfg,At first launch KIM will create a **settings.cfg** file in the directory where you chose to install KIM. You can modify these settings with a text editor:,section_line_artifact,usage,89,drifted_high,local artifact missing: settings.cfg,,
P049,dlt-hub/dlt,artifact_ref,response.json,response.json,fenced_code_artifact,installation,44,drifted_high,local artifact missing: response.json,,
P050,egbertbouman/youtube-comment-downloader,artifact_ref,ScMzIvxBSi4.json,ScMzIvxBSi4.json,fenced_code_artifact,usage,37,drifted_high,local artifact missing: scmzivxbsi4.json,,
P051,evalstate/fast-agent,artifact_ref,social.py,social.py,inline_code_artifact,usage,184,drifted_high,local artifact missing: social.py,,
P052,faustomorales/keras-ocr,make_target,build,make build,fenced_code,development,89,drifted_medium,target 'build' not in parsed Makefile targets,,
P053,fhamborg/news-please,artifact_ref,article.json,article.json,fenced_code_artifact,usage,92,drifted_high,local artifact missing: article.json,,
P054,furthemore/APIS,artifact_ref,docker-compose.yml,# Download docker-compose.yml and example.env files from this repo,section_line_artifact,usage,38,drifted_high,local artifact missing: docker-compose.yml,,
P055,huggingface/upskill,artifact_ref,batch_summary.json,batch_summary.json,fenced_code_artifact,run,382,drifted_high,local artifact missing: batch_summary.json,,
P056,infinito-nexus/core,local_link_ref,docs/Docker.md,"Get Infinito.Nexus up and running inside Docker in just a few steps. For detailed build options and troubleshooting, see the [Docker Guide](docs/Docker.md).",markdown_link,installation,74,drifted_high,local artifact missing: docs/docker.md,,
P057,initialcommit-com/git-sim,cd_dir,dummy-repo,cd dummy-repo,fenced_code,installation,85,drifted_high,directory missing: dummy-repo,,
P058,inworld-ai/tts,make_target,test-coverage,make test-coverage  # Run tests with coverage report,fenced_code,other,392,drifted_medium,target 'test-coverage' not in parsed Makefile targets,,
P059,inyokaproject/inyoka,artifact_ref,/contributing,/contributing,inline_code_artifact,development,83,drifted_high,local artifact missing: /contributing,,
P060,ionelmc/python-hunter,python_script,yourapp.py,python yourapp.py,section_line_command,other,320,drifted_high,script missing: yourapp.py,,
P061,iszhanjiawei/indexTTS2,artifact_ref,config.yaml,config.yaml,fenced_code_artifact,installation,75,drifted_high,local artifact missing: config.yaml,,
P062,jacob-bd/notebooklm-mcp-cli,cd_dir,notebooklm-mcp,cd notebooklm-mcp,fenced_code,usage,143,drifted_high,directory missing: notebooklm-mcp,,
P063,jmcentire/pact,artifact_ref,access_graph.json,"6. **Arbiter** -- Generate access_graph.json, register with Arbiter for blast radius analysis. HUMAN_GATE pauses pipeline.",section_line_artifact,usage,96,drifted_high,local artifact missing: access_graph.json,,
P064,kang-wu/SkySensePlusPlus,artifact_ref,deforestation_atlantic_val.json,deforestation_atlantic_val.json,fenced_code_artifact,run,274,drifted_high,local artifact missing: deforestation_atlantic_val.json,,
P065,kunickiaj/codemem,artifact_ref,/api/pack,/api/pack,inline_code_artifact,installation,87,drifted_high,local artifact missing: /api/pack,,
P066,lae/ansible-role-proxmox,artifact_ref,install_proxmox.yml,install_proxmox.yml,inline_code_artifact,installation,41,drifted_high,local artifact missing: install_proxmox.yml,,
P067,ldayton/Dippy,artifact_ref,/hooks,/hooks,inline_code_artifact,installation,64,drifted_high,local artifact missing: /hooks,,
P068,lightning-rod-labs/sculpt,artifact_ref,pipeline_config.yaml,pipeline_config.yaml,fenced_code_artifact,ci,178,drifted_high,local artifact missing: pipeline_config.yaml,,
P069,lorien/grab,artifact_ref,g.go,g.go,fenced_code_artifact,usage,74,drifted_high,local artifact missing: g.go,,
P070,lutris/website,cd_dir,/srv/backup/sql,cd /srv/backup/sql,section_line_command,other,195,drifted_high,directory missing: srv/backup/sql,,
P071,markdrago/pgsanity,make_target,install,make install clean,inline_code_command,other,32,drifted_high,make target used but no Makefile,,
P072,math-inc/OpenGauss,artifact_ref,/formalize,/formalize ...,inline_code_artifact,usage,18,drifted_high,local artifact missing: /formalize,,
P073,mees/calvin,cd_dir,task_D_D,cd task_D_D,fenced_code,other,322,drifted_high,directory missing: task_d_d,,
P074,mholzi/beatify,local_link_ref,docs/ARCHITECTURE.md,Developer docs: [Architecture](docs/ARCHITECTURE.md) | [WebSocket API](docs/WEBSOCKET.md) | [Changelog](CHANGELOG.md),markdown_link,development,629,drifted_high,local artifact missing: docs/architecture.md,,
P075,microsoft/apm,artifact_ref,Cargo.toml,"Think `package.json`, `requirements.txt`, or `Cargo.toml` — but for AI agent configuration.",section_line_artifact,build,5,drifted_high,local artifact missing: cargo.toml,,
P076,nomadkaraoke/karaoke-gen,artifact_ref,/api/health,/api/health,inline_code_artifact,test,523,drifted_high,local artifact missing: /api/health,,
P077,nschloe/tuna,make_target,dep,make dep,inline_code_command,development,131,drifted_high,make target used but no Makefile,,
P078,nutti/Screencast-Keys,local_link_ref,docs/installation.md#support-version,[the add-on version](docs/installation.md#support-version) supports on the your,markdown_link,installation,18,drifted_high,local artifact missing: docs/installation.md#support-version,,
P079,ollo69/ha-smartthinq-sensors,artifact_ref,/config/www/laundry.js,/config/www/laundry.js,inline_code_artifact,usage,223,drifted_high,local artifact missing: /config/www/laundry.js,,
P080,osm-search/Nominatim,cd_dir,nominatim-project,cd nominatim-project,section_line_command,installation,44,drifted_high,directory missing: nominatim-project,,
P081,owkin/fedpydeseq2,artifact_ref,paths.json,paths.json,inline_code_artifact,installation,81,drifted_high,local artifact missing: paths.json,,
P082,pex-tool/pex,artifact_ref,webserver.py,Run webserver.py in an environment containing ``flask`` as a quick way to experiment:,section_line_artifact,usage,88,drifted_high,local artifact missing: webserver.py,,
P083,phoenixthrush/AniWorld-Downloader,artifact_ref,docker-compose.yml,> **Tip:** Ensure your `docker-compose.yml` correctly configures volumes and ports if you want to persist downloads or access the Web UI externally.,section_line_artifact,deployment,147,drifted_high,local artifact missing: docker-compose.yml,,
P084,pipecat-ai/pipecat,cd_dir,my-pipecat-app,cd my-pipecat-app,fenced_code,installation,119,drifted_high,directory missing: my-pipecat-app,,
P085,prometheus-pve/prometheus-pve-exporter,artifact_ref,/metric,/metric,inline_code_artifact,usage,147,drifted_high,local artifact missing: /metric,,
P086,python/cpython,make_target,altinstall,make altinstall,inline_code_command,installation,201,drifted_medium,target 'altinstall' not in parsed Makefile targets,,
P087,qgis/QGIS-Website,local_link_ref,/CONTRIBUTING.md#nix,Please refer to the [Nix section](./CONTRIBUTING.md#nix) in [CONTRIBUTING.md](./CONTRIBUTING.md).,markdown_link,usage,159,drifted_high,local artifact missing: /contributing.md#nix,,
P088,qlands/FormShare,artifact_ref,development.ini,- Changing the encryption key (aes.key) in the development.ini file.,section_line_artifact,installation,422,drifted_high,local artifact missing: development.ini,,
P089,sairajk/easi-tex,artifact_ref,42-ip1.0-cn1.0-dist0.8-gs10.0-p36-h20-us0.4-vt0.1/update/mesh/19.obj,42-ip1.0-cn1.0-dist0.8-gs10.0-p36-h20-us0.4-vt0.1/update/mesh/19.obj,inline_code_artifact,usage,85,drifted_high,local artifact missing: 42-ip1.0-cn1.0-dist0.8-gs10.0-p36-h20-us0.4-vt0.1/update/mesh/19.obj,,
P090,scottrogowski/code2flow,artifact_ref,project/directory/source_a.js,project/directory/source_a.js,fenced_code_artifact,usage,57,drifted_high,local artifact missing: project/directory/source_a.js,,
P091,superhac/vpinfe,artifact_ref,vpinfe.ini,vpinfe.ini,inline_code_artifact,installation,90,drifted_high,local artifact missing: vpinfe.ini,,
P092,thammegowda/mtdata,artifact_ref,train.stats.json,train.stats.json,fenced_code_artifact,installation,232,drifted_high,local artifact missing: train.stats.json,,
P093,themanojdesai/python-a2a,artifact_ref,research_workflow.py,research_workflow.py,fenced_code_artifact,usage,422,drifted_high,local artifact missing: research_workflow.py,,
P094,toniantunovi/lucidshark,artifact_ref,mcp.json,.mcp.json,inline_code_artifact,installation,135,drifted_high,local artifact missing: mcp.json,,
P095,trachote/crystalgrw,artifact_ref,/Delta^2,\Delta^2,inline_code_artifact,run,16,drifted_high,local artifact missing: /delta^2,,
P096,vmware/pyvmomi,artifact_ref,setup.py,``python setup.py develop`` for development install or,section_line_artifact,installation,34,drifted_high,local artifact missing: setup.py,,
P097,voxel51/fiftyone,cd_dir,C,cd C:\path\to\your\project,inline_code_command,installation,351,drifted_high,directory missing: c,,
P098,vrgamegirl19/comfyui-vrgamedevgirl,artifact_ref,ComfyUI/custom_nodes,ComfyUI/custom_nodes,inline_code_artifact,installation,60,drifted_high,local artifact missing: comfyui/custom_nodes,,
P099,wgsxm/PartCrafter,artifact_ref,/pretrained_models/TripoSG,./pretrained_models/TripoSG,inline_code_artifact,run,107,drifted_high,local artifact missing: /pretrained_models/triposg,,
P100,zeeyado/quran-ebook,artifact_ref,/sdcard/koreader/plugins/,/sdcard/koreader/plugins/,inline_code_artifact,installation,264,drifted_high,local artifact missing: /sdcard/koreader/plugins,,
