claim_type,n,drifted,uncertain,supported,verified,drift_rate,DRI
generic_command,2348,0,0,2348,0,0.0,1.0
pip_install_pkg,855,4,0,851,100,0.5,0.991
artifact_ref,755,140,41,574,755,18.5,0.575
python_script,609,17,4,588,609,2.8,0.938
cd_dir,396,26,2,368,396,6.6,0.864
git_clone,323,0,0,323,0,0.0,1.0
python_module,268,0,268,0,268,0.0,0.0
local_link_ref,260,6,2,252,260,2.3,0.946
make_target,251,34,0,217,251,13.5,0.729
pip_requirements,162,3,0,159,162,1.9,0.963
pytest_cmd,151,1,0,150,151,0.7,0.987
pip_install_editable,144,9,0,135,144,6.2,0.875
docker_run,94,0,0,94,0,0.0,1.0
run_shell_script,76,3,0,73,76,3.9,0.921
docker_compose_up,70,0,0,70,70,0.0,1.0
bash_script,59,1,0,58,59,1.7,0.966
docker_build,40,0,0,40,40,0.0,1.0
tox_cmd,34,1,0,33,34,2.9,0.941
npm_install,31,0,0,31,0,0.0,1.0
make_cmd,25,0,0,25,25,0.0,1.0
uvicorn_run,13,0,0,13,0,0.0,1.0
streamlit_run,13,1,0,12,13,7.7,0.846
docker_compose_build,12,0,0,12,12,0.0,1.0
conda_env_create,10,0,0,10,10,0.0,1.0
npm_run,9,0,0,9,0,0.0,1.0
poetry_install,8,0,0,8,8,0.0,1.0
yarn_cmd,3,0,0,3,0,0.0,1.0
jupyter_notebook,3,0,0,3,0,0.0,1.0
helm_install,3,0,0,3,0,0.0,1.0
gunicorn_run,3,0,0,3,0,0.0,1.0
cargo_build,1,0,0,1,0,0.0,1.0
flask_run,1,0,0,1,0,0.0,1.0
coverage_cmd,1,0,0,1,0,0.0,1.0
npm_test,1,0,0,1,0,0.0,1.0
pnpm_cmd,1,0,0,1,0,0.0,1.0
terraform_apply,1,0,0,1,0,0.0,1.0
